home,away,score,ts
Burnley,Manchester City,"(0, 3)",2023-08-11 19:00:00
Arsenal,Nottingham Forest,"(2, 1)",2023-08-12 12:00:00
AFC Bournemouth,West Ham United,"(1, 1)",2023-08-12 14:00:00
Brighton & Hove Albion,Luton Town,"(4, 1)",2023-08-12 14:00:00
Everton,Fulham,"(0, 1)",2023-08-12 14:00:00
Sheffield United,Crystal Palace,"(0, 1)",2023-08-12 14:00:00
Newcastle United,Aston Villa,"(5, 1)",2023-08-12 16:30:00
Brentford,Tottenham Hotspur,"(2, 2)",2023-08-13 13:00:00
Chelsea,Liverpool,"(1, 1)",2023-08-13 15:30:00
Manchester United,Wolverhampton Wanderers,"(1, 0)",2023-08-14 19:00:00
Nottingham Forest,Sheffield United,"(2, 1)",2023-08-18 18:45:00
Fulham,Brentford,"(0, 3)",2023-08-19 14:00:00
Liverpool,AFC Bournemouth,"(3, 1)",2023-08-19 14:00:00
Wolverhampton Wanderers,Brighton & Hove Albion,"(1, 4)",2023-08-19 14:00:00
Tottenham Hotspur,Manchester United,"(2, 0)",2023-08-19 16:30:00
Manchester City,Newcastle United,"(1, 0)",2023-08-19 19:00:00
Aston Villa,Everton,"(4, 0)",2023-08-20 13:00:00
West Ham United,Chelsea,"(3, 1)",2023-08-20 15:30:00
Crystal Palace,Arsenal,"(0, 1)",2023-08-21 19:00:00
Chelsea,Luton Town,"(3, 0)",2023-08-25 19:00:00
AFC Bournemouth,Tottenham Hotspur,"(0, 2)",2023-08-26 11:30:00
Arsenal,Fulham,"(2, 2)",2023-08-26 14:00:00
Brentford,Crystal Palace,"(1, 1)",2023-08-26 14:00:00
Everton,Wolverhampton Wanderers,"(0, 1)",2023-08-26 14:00:00
Manchester United,Nottingham Forest,"(3, 2)",2023-08-26 14:00:00
Brighton & Hove Albion,West Ham United,"(1, 3)",2023-08-26 16:30:00
Burnley,Aston Villa,"(1, 3)",2023-08-27 13:00:00
Sheffield United,Manchester City,"(1, 2)",2023-08-27 13:00:00
Newcastle United,Liverpool,"(1, 2)",2023-08-27 15:30:00
Luton Town,West Ham United,"(1, 2)",2023-09-01 19:00:00
Sheffield United,Everton,"(2, 2)",2023-09-02 11:30:00
Brentford,AFC Bournemouth,"(2, 2)",2023-09-02 14:00:00
Burnley,Tottenham Hotspur,"(2, 5)",2023-09-02 14:00:00
Chelsea,Nottingham Forest,"(0, 1)",2023-09-02 14:00:00
Manchester City,Fulham,"(5, 1)",2023-09-02 14:00:00
Brighton & Hove Albion,Newcastle United,"(3, 1)",2023-09-02 16:30:00
Crystal Palace,Wolverhampton Wanderers,"(3, 2)",2023-09-03 13:00:00
Liverpool,Aston Villa,"(3, 0)",2023-09-03 13:00:00
Arsenal,Manchester United,"(3, 1)",2023-09-03 15:30:00
Wolverhampton Wanderers,Liverpool,"(1, 3)",2023-09-16 11:30:00
Aston Villa,Crystal Palace,"(3, 1)",2023-09-16 14:00:00
Fulham,Luton Town,"(1, 0)",2023-09-16 14:00:00
Manchester United,Brighton & Hove Albion,"(1, 3)",2023-09-16 14:00:00
Tottenham Hotspur,Sheffield United,"(2, 1)",2023-09-16 14:00:00
West Ham United,Manchester City,"(1, 3)",2023-09-16 14:00:00
Newcastle United,Brentford,"(1, 0)",2023-09-16 16:30:00
AFC Bournemouth,Chelsea,"(0, 0)",2023-09-17 13:00:00
Everton,Arsenal,"(0, 1)",2023-09-17 15:30:00
Nottingham Forest,Burnley,"(1, 1)",2023-09-18 18:45:00
Crystal Palace,Fulham,"(0, 0)",2023-09-23 14:00:00
Luton Town,Wolverhampton Wanderers,"(1, 1)",2023-09-23 14:00:00
Manchester City,Nottingham Forest,"(2, 0)",2023-09-23 14:00:00
Brentford,Everton,"(1, 3)",2023-09-23 16:30:00
Burnley,Manchester United,"(0, 1)",2023-09-23 19:00:00
Arsenal,Tottenham Hotspur,"(2, 2)",2023-09-24 13:00:00
Brighton & Hove Albion,AFC Bournemouth,"(3, 1)",2023-09-24 13:00:00
Chelsea,Aston Villa,"(0, 1)",2023-09-24 13:00:00
Liverpool,West Ham United,"(3, 1)",2023-09-24 13:00:00
Sheffield United,Newcastle United,"(0, 8)",2023-09-24 15:30:00
Aston Villa,Brighton & Hove Albion,"(6, 1)",2023-09-30 11:30:00
AFC Bournemouth,Arsenal,"(0, 4)",2023-09-30 14:00:00
Everton,Luton Town,"(1, 2)",2023-09-30 14:00:00
Manchester United,Crystal Palace,"(0, 1)",2023-09-30 14:00:00
Newcastle United,Burnley,"(2, 0)",2023-09-30 14:00:00
West Ham United,Sheffield United,"(2, 0)",2023-09-30 14:00:00
Wolverhampton Wanderers,Manchester City,"(2, 1)",2023-09-30 14:00:00
Tottenham Hotspur,Liverpool,"(2, 1)",2023-09-30 16:30:00
Nottingham Forest,Brentford,"(1, 1)",2023-10-01 13:00:00
Fulham,Chelsea,"(0, 2)",2023-10-02 19:00:00
Luton Town,Burnley,"(1, 2)",2023-10-03 18:30:00
Luton Town,Tottenham Hotspur,"(0, 1)",2023-10-07 11:30:00
Burnley,Chelsea,"(1, 4)",2023-10-07 14:00:00
Everton,AFC Bournemouth,"(3, 0)",2023-10-07 14:00:00
Fulham,Sheffield United,"(3, 1)",2023-10-07 14:00:00
Manchester United,Brentford,"(2, 1)",2023-10-07 14:00:00
Crystal Palace,Nottingham Forest,"(0, 0)",2023-10-07 16:30:00
Brighton & Hove Albion,Liverpool,"(2, 2)",2023-10-08 13:00:00
West Ham United,Newcastle United,"(2, 2)",2023-10-08 13:00:00
Wolverhampton Wanderers,Aston Villa,"(1, 1)",2023-10-08 13:00:00
Arsenal,Manchester City,"(1, 0)",2023-10-08 15:30:00
Liverpool,Everton,"(2, 0)",2023-10-21 11:30:00
AFC Bournemouth,Wolverhampton Wanderers,"(1, 2)",2023-10-21 14:00:00
Brentford,Burnley,"(3, 0)",2023-10-21 14:00:00
Manchester City,Brighton & Hove Albion,"(2, 1)",2023-10-21 14:00:00
Newcastle United,Crystal Palace,"(4, 0)",2023-10-21 14:00:00
Nottingham Forest,Luton Town,"(2, 2)",2023-10-21 14:00:00
Chelsea,Arsenal,"(2, 2)",2023-10-21 16:30:00
Sheffield United,Manchester United,"(1, 2)",2023-10-21 19:00:00
Aston Villa,West Ham United,"(4, 1)",2023-10-22 15:30:00
Tottenham Hotspur,Fulham,"(2, 0)",2023-10-23 19:00:00
Crystal Palace,Tottenham Hotspur,"(1, 2)",2023-10-27 19:00:00
Chelsea,Brentford,"(0, 2)",2023-10-28 11:30:00
AFC Bournemouth,Burnley,"(2, 1)",2023-10-28 14:00:00
Arsenal,Sheffield United,"(5, 0)",2023-10-28 14:00:00
Wolverhampton Wanderers,Newcastle United,"(2, 2)",2023-10-28 16:30:00
West Ham United,Everton,"(0, 1)",2023-10-29 13:00:00
Aston Villa,Luton Town,"(3, 1)",2023-10-29 14:00:00
Brighton & Hove Albion,Fulham,"(1, 1)",2023-10-29 14:00:00
Liverpool,Nottingham Forest,"(3, 0)",2023-10-29 14:00:00
Manchester United,Manchester City,"(0, 3)",2023-10-29 15:30:00
Fulham,Manchester United,"(0, 1)",2023-11-04 12:30:00
Brentford,West Ham United,"(3, 2)",2023-11-04 15:00:00
Burnley,Crystal Palace,"(0, 2)",2023-11-04 15:00:00
Everton,Brighton & Hove Albion,"(1, 1)",2023-11-04 15:00:00
Manchester City,AFC Bournemouth,"(6, 1)",2023-11-04 15:00:00
Sheffield United,Wolverhampton Wanderers,"(2, 1)",2023-11-04 15:00:00
Newcastle United,Arsenal,"(1, 0)",2023-11-04 17:30:00
Nottingham Forest,Aston Villa,"(2, 0)",2023-11-05 14:00:00
Luton Town,Liverpool,"(1, 1)",2023-11-05 16:30:00
Tottenham Hotspur,Chelsea,"(1, 4)",2023-11-06 20:00:00
Wolverhampton Wanderers,Tottenham Hotspur,"(2, 1)",2023-11-11 12:30:00
Arsenal,Burnley,"(3, 1)",2023-11-11 15:00:00
Crystal Palace,Everton,"(2, 3)",2023-11-11 15:00:00
Manchester United,Luton Town,"(1, 0)",2023-11-11 15:00:00
AFC Bournemouth,Newcastle United,"(2, 0)",2023-11-11 17:30:00
Aston Villa,Fulham,"(3, 1)",2023-11-12 14:00:00
Brighton & Hove Albion,Sheffield United,"(1, 1)",2023-11-12 14:00:00
Liverpool,Brentford,"(3, 0)",2023-11-12 14:00:00
West Ham United,Nottingham Forest,"(3, 2)",2023-11-12 14:00:00
Chelsea,Manchester City,"(4, 4)",2023-11-12 16:30:00
Manchester City,Liverpool,"(1, 1)",2023-11-25 12:30:00
Burnley,West Ham United,"(1, 2)",2023-11-25 15:00:00
Luton Town,Crystal Palace,"(2, 1)",2023-11-25 15:00:00
Newcastle United,Chelsea,"(4, 1)",2023-11-25 15:00:00
Nottingham Forest,Brighton & Hove Albion,"(2, 3)",2023-11-25 15:00:00
Sheffield United,AFC Bournemouth,"(1, 3)",2023-11-25 15:00:00
Brentford,Arsenal,"(0, 1)",2023-11-25 17:30:00
Tottenham Hotspur,Aston Villa,"(1, 2)",2023-11-26 14:00:00
Everton,Manchester United,"(0, 3)",2023-11-26 16:30:00
Fulham,Wolverhampton Wanderers,"(3, 2)",2023-11-27 20:00:00
Arsenal,Wolverhampton Wanderers,"(2, 1)",2023-12-02 15:00:00
Brentford,Luton Town,"(3, 1)",2023-12-02 15:00:00
Burnley,Sheffield United,"(5, 0)",2023-12-02 15:00:00
Nottingham Forest,Everton,"(0, 1)",2023-12-02 17:30:00
Newcastle United,Manchester United,"(1, 0)",2023-12-02 20:00:00
AFC Bournemouth,Aston Villa,"(2, 2)",2023-12-03 14:00:00
Chelsea,Brighton & Hove Albion,"(3, 2)",2023-12-03 14:00:00
Liverpool,Fulham,"(4, 3)",2023-12-03 14:00:00
West Ham United,Crystal Palace,"(1, 1)",2023-12-03 14:00:00
Manchester City,Tottenham Hotspur,"(3, 3)",2023-12-03 16:30:00
Wolverhampton Wanderers,Burnley,"(1, 0)",2023-12-05 19:30:00
Luton Town,Arsenal,"(3, 4)",2023-12-05 20:15:00
Brighton & Hove Albion,Brentford,"(2, 1)",2023-12-06 19:30:00
Crystal Palace,AFC Bournemouth,"(0, 2)",2023-12-06 19:30:00
Fulham,Nottingham Forest,"(5, 0)",2023-12-06 19:30:00
Sheffield United,Liverpool,"(0, 2)",2023-12-06 19:30:00
Aston Villa,Manchester City,"(1, 0)",2023-12-06 20:15:00
Manchester United,Chelsea,"(2, 1)",2023-12-06 20:15:00
Everton,Newcastle United,"(3, 0)",2023-12-07 19:30:00
Tottenham Hotspur,West Ham United,"(1, 2)",2023-12-07 20:15:00
Crystal Palace,Liverpool,"(1, 2)",2023-12-09 12:30:00
Brighton & Hove Albion,Burnley,"(1, 1)",2023-12-09 15:00:00
Manchester United,AFC Bournemouth,"(0, 3)",2023-12-09 15:00:00
Sheffield United,Brentford,"(1, 0)",2023-12-09 15:00:00
Wolverhampton Wanderers,Nottingham Forest,"(1, 1)",2023-12-09 15:00:00
Aston Villa,Arsenal,"(1, 0)",2023-12-09 17:30:00
Everton,Chelsea,"(2, 0)",2023-12-10 14:00:00
Fulham,West Ham United,"(5, 0)",2023-12-10 14:00:00
Luton Town,Manchester City,"(1, 2)",2023-12-10 14:00:00
Tottenham Hotspur,Newcastle United,"(4, 1)",2023-12-10 16:30:00
Nottingham Forest,Tottenham Hotspur,"(0, 2)",2023-12-15 20:00:00
Chelsea,Sheffield United,"(2, 0)",2023-12-16 15:00:00
Manchester City,Crystal Palace,"(2, 2)",2023-12-16 15:00:00
Newcastle United,Fulham,"(3, 0)",2023-12-16 15:00:00
Burnley,Everton,"(0, 2)",2023-12-16 17:30:00
Arsenal,Brighton & Hove Albion,"(2, 0)",2023-12-17 14:00:00
Brentford,Aston Villa,"(1, 2)",2023-12-17 14:00:00
West Ham United,Wolverhampton Wanderers,"(3, 0)",2023-12-17 14:00:00
Liverpool,Manchester United,"(0, 0)",2023-12-17 16:30:00
Crystal Palace,Brighton & Hove Albion,"(1, 1)",2023-12-21 20:00:00
Aston Villa,Sheffield United,"(1, 1)",2023-12-22 20:00:00
West Ham United,Manchester United,"(2, 0)",2023-12-23 12:30:00
Fulham,Burnley,"(0, 2)",2023-12-23 15:00:00
Luton Town,Newcastle United,"(1, 0)",2023-12-23 15:00:00
Nottingham Forest,AFC Bournemouth,"(2, 3)",2023-12-23 15:00:00
Tottenham Hotspur,Everton,"(2, 1)",2023-12-23 15:00:00
Liverpool,Arsenal,"(1, 1)",2023-12-23 17:30:00
Wolverhampton Wanderers,Chelsea,"(2, 1)",2023-12-24 13:00:00
Newcastle United,Nottingham Forest,"(1, 3)",2023-12-26 12:30:00
AFC Bournemouth,Fulham,"(3, 0)",2023-12-26 15:00:00
Sheffield United,Luton Town,"(2, 3)",2023-12-26 15:00:00
Burnley,Liverpool,"(0, 2)",2023-12-26 17:30:00
Manchester United,Aston Villa,"(3, 2)",2023-12-26 20:00:00
Brentford,Wolverhampton Wanderers,"(1, 4)",2023-12-27 19:30:00
Chelsea,Crystal Palace,"(2, 1)",2023-12-27 19:30:00
Everton,Manchester City,"(1, 3)",2023-12-27 20:15:00
Brighton & Hove Albion,Tottenham Hotspur,"(4, 2)",2023-12-28 19:30:00
Arsenal,West Ham United,"(0, 2)",2023-12-28 20:15:00
Luton Town,Chelsea,"(2, 3)",2023-12-30 12:30:00
Aston Villa,Burnley,"(3, 2)",2023-12-30 15:00:00
Crystal Palace,Brentford,"(3, 1)",2023-12-30 15:00:00
Manchester City,Sheffield United,"(2, 0)",2023-12-30 15:00:00
Wolverhampton Wanderers,Everton,"(3, 0)",2023-12-30 15:00:00
Nottingham Forest,Manchester United,"(2, 1)",2023-12-30 17:30:00
Fulham,Arsenal,"(2, 1)",2023-12-31 14:00:00
Tottenham Hotspur,AFC Bournemouth,"(3, 1)",2023-12-31 14:00:00
Liverpool,Newcastle United,"(4, 2)",2024-01-01 20:00:00
West Ham United,Brighton & Hove Albion,"(0, 0)",2024-01-02 19:30:00
Burnley,Luton Town,"(1, 1)",2024-01-12 19:45:00
Chelsea,Fulham,"(1, 0)",2024-01-13 12:30:00
Newcastle United,Manchester City,"(2, 3)",2024-01-13 17:30:00
Everton,Aston Villa,"(0, 0)",2024-01-14 14:00:00
Manchester United,Tottenham Hotspur,"(2, 2)",2024-01-14 16:30:00
Arsenal,Crystal Palace,"(5, 0)",2024-01-20 12:30:00
Brentford,Nottingham Forest,"(3, 2)",2024-01-20 17:30:00
Sheffield United,West Ham United,"(2, 2)",2024-01-21 14:00:00
AFC Bournemouth,Liverpool,"(0, 4)",2024-01-21 16:30:00
Brighton & Hove Albion,Wolverhampton Wanderers,"(0, 0)",2024-01-22 19:45:00
Nottingham Forest,Arsenal,"(1, 2)",2024-01-30 19:30:00
Fulham,Everton,"(0, 0)",2024-01-30 19:45:00
Luton Town,Brighton & Hove Albion,"(4, 0)",2024-01-30 19:45:00
Crystal Palace,Sheffield United,"(3, 2)",2024-01-30 20:00:00
Aston Villa,Newcastle United,"(1, 3)",2024-01-30 20:15:00
Manchester City,Burnley,"(3, 1)",2024-01-31 19:30:00
Tottenham Hotspur,Brentford,"(3, 2)",2024-01-31 19:30:00
Liverpool,Chelsea,"(4, 1)",2024-01-31 20:15:00
West Ham United,AFC Bournemouth,"(1, 1)",2024-02-01 19:30:00
Wolverhampton Wanderers,Manchester United,"(3, 4)",2024-02-01 20:15:00
Everton,Tottenham Hotspur,"(2, 2)",2024-02-03 12:30:00
Brighton & Hove Albion,Crystal Palace,"(4, 1)",2024-02-03 15:00:00
Burnley,Fulham,"(2, 2)",2024-02-03 15:00:00
Newcastle United,Luton Town,"(4, 4)",2024-02-03 15:00:00
Sheffield United,Aston Villa,"(0, 5)",2024-02-03 17:30:00
AFC Bournemouth,Nottingham Forest,"(1, 1)",2024-02-04 14:00:00
Chelsea,Wolverhampton Wanderers,"(2, 4)",2024-02-04 14:00:00
Manchester United,West Ham United,"(3, 0)",2024-02-04 14:00:00
Arsenal,Liverpool,"(3, 1)",2024-02-04 16:30:00
Brentford,Manchester City,"(1, 3)",2024-02-05 20:00:00
Manchester City,Everton,"(2, 0)",2024-02-10 12:30:00
Fulham,AFC Bournemouth,"(3, 1)",2024-02-10 15:00:00
Liverpool,Burnley,"(3, 1)",2024-02-10 15:00:00
Luton Town,Sheffield United,"(1, 3)",2024-02-10 15:00:00
Tottenham Hotspur,Brighton & Hove Albion,"(2, 1)",2024-02-10 15:00:00
Wolverhampton Wanderers,Brentford,"(0, 2)",2024-02-10 15:00:00
Nottingham Forest,Newcastle United,"(2, 3)",2024-02-10 17:30:00
West Ham United,Arsenal,"(0, 6)",2024-02-11 14:00:00
Aston Villa,Manchester United,"(1, 2)",2024-02-11 16:30:00
Crystal Palace,Chelsea,"(1, 3)",2024-02-12 20:00:00
Brentford,Liverpool,"(1, 4)",2024-02-17 12:30:00
Burnley,Arsenal,"(0, 5)",2024-02-17 15:00:00
Fulham,Aston Villa,"(1, 2)",2024-02-17 15:00:00
Newcastle United,AFC Bournemouth,"(2, 2)",2024-02-17 15:00:00
Nottingham Forest,West Ham United,"(2, 0)",2024-02-17 15:00:00
Tottenham Hotspur,Wolverhampton Wanderers,"(1, 2)",2024-02-17 15:00:00
Manchester City,Chelsea,"(1, 1)",2024-02-17 17:30:00
Sheffield United,Brighton & Hove Albion,"(0, 5)",2024-02-18 14:00:00
Luton Town,Manchester United,"(1, 2)",2024-02-18 16:30:00
Everton,Crystal Palace,"(1, 1)",2024-02-19 20:00:00
Manchester City,Brentford,"(1, 0)",2024-02-20 19:30:00
Liverpool,Luton Town,"(4, 1)",2024-02-21 19:30:00
Aston Villa,Nottingham Forest,"(4, 2)",2024-02-24 15:00:00
Brighton & Hove Albion,Everton,"(1, 1)",2024-02-24 15:00:00
Crystal Palace,Burnley,"(3, 0)",2024-02-24 15:00:00
Manchester United,Fulham,"(1, 2)",2024-02-24 15:00:00
AFC Bournemouth,Manchester City,"(0, 1)",2024-02-24 17:30:00
Arsenal,Newcastle United,"(4, 1)",2024-02-24 20:00:00
Wolverhampton Wanderers,Sheffield United,"(1, 0)",2024-02-25 13:30:00
West Ham United,Brentford,"(4, 2)",2024-02-26 20:00:00
Brentford,Chelsea,"(2, 2)",2024-03-02 15:00:00
Everton,West Ham United,"(1, 3)",2024-03-02 15:00:00
Fulham,Brighton & Hove Albion,"(3, 0)",2024-03-02 15:00:00
Newcastle United,Wolverhampton Wanderers,"(3, 0)",2024-03-02 15:00:00
Nottingham Forest,Liverpool,"(0, 1)",2024-03-02 15:00:00
Tottenham Hotspur,Crystal Palace,"(3, 1)",2024-03-02 15:00:00
Luton Town,Aston Villa,"(2, 3)",2024-03-02 17:30:00
Burnley,AFC Bournemouth,"(0, 2)",2024-03-03 13:00:00
Manchester City,Manchester United,"(3, 1)",2024-03-03 15:30:00
Sheffield United,Arsenal,"(0, 6)",2024-03-04 20:00:00
Manchester United,Everton,"(2, 0)",2024-03-09 12:30:00
AFC Bournemouth,Sheffield United,"(2, 2)",2024-03-09 15:00:00
Crystal Palace,Luton Town,"(1, 1)",2024-03-09 15:00:00
Wolverhampton Wanderers,Fulham,"(2, 1)",2024-03-09 15:00:00
Arsenal,Brentford,"(2, 1)",2024-03-09 17:30:00
Aston Villa,Tottenham Hotspur,"(0, 4)",2024-03-10 13:00:00
Brighton & Hove Albion,Nottingham Forest,"(1, 0)",2024-03-10 14:00:00
West Ham United,Burnley,"(2, 2)",2024-03-10 14:00:00
Liverpool,Manchester City,"(1, 1)",2024-03-10 15:45:00
Chelsea,Newcastle United,"(3, 2)",2024-03-11 20:00:00
AFC Bournemouth,Luton Town,"(4, 3)",2024-03-13 19:30:00
Burnley,Brentford,"(2, 1)",2024-03-16 15:00:00
Luton Town,Nottingham Forest,"(1, 1)",2024-03-16 15:00:00
Fulham,Tottenham Hotspur,"(3, 0)",2024-03-16 17:30:00
West Ham United,Aston Villa,"(1, 1)",2024-03-17 14:00:00
Newcastle United,West Ham United,"(4, 3)",2024-03-30 12:30:00
AFC Bournemouth,Everton,"(2, 1)",2024-03-30 15:00:00
Chelsea,Burnley,"(2, 2)",2024-03-30 15:00:00
Nottingham Forest,Crystal Palace,"(1, 1)",2024-03-30 15:00:00
Sheffield United,Fulham,"(3, 3)",2024-03-30 15:00:00
Tottenham Hotspur,Luton Town,"(2, 1)",2024-03-30 15:00:00
Aston Villa,Wolverhampton Wanderers,"(2, 0)",2024-03-30 17:30:00
Brentford,Manchester United,"(1, 1)",2024-03-30 20:00:00
Liverpool,Brighton & Hove Albion,"(2, 1)",2024-03-31 13:00:00
Manchester City,Arsenal,"(0, 0)",2024-03-31 15:30:00
Newcastle United,Everton,"(1, 1)",2024-04-02 18:30:00
Nottingham Forest,Fulham,"(3, 1)",2024-04-02 18:30:00
AFC Bournemouth,Crystal Palace,"(1, 0)",2024-04-02 18:45:00
Burnley,Wolverhampton Wanderers,"(1, 1)",2024-04-02 18:45:00
West Ham United,Tottenham Hotspur,"(1, 1)",2024-04-02 19:15:00
Arsenal,Luton Town,"(2, 0)",2024-04-03 18:30:00
Brentford,Brighton & Hove Albion,"(0, 0)",2024-04-03 18:30:00
Manchester City,Aston Villa,"(4, 1)",2024-04-03 19:15:00
Liverpool,Sheffield United,"(3, 1)",2024-04-04 18:30:00
Chelsea,Manchester United,"(4, 3)",2024-04-04 19:15:00
Crystal Palace,Manchester City,"(2, 4)",2024-04-06 11:30:00
Aston Villa,Brentford,"(3, 3)",2024-04-06 14:00:00
Everton,Burnley,"(1, 0)",2024-04-06 14:00:00
Fulham,Newcastle United,"(0, 1)",2024-04-06 14:00:00
Luton Town,AFC Bournemouth,"(2, 1)",2024-04-06 14:00:00
Wolverhampton Wanderers,West Ham United,"(1, 2)",2024-04-06 14:00:00
Brighton & Hove Albion,Arsenal,"(0, 3)",2024-04-06 16:30:00
Manchester United,Liverpool,"(2, 2)",2024-04-07 14:30:00
Sheffield United,Chelsea,"(2, 2)",2024-04-07 16:30:00
Tottenham Hotspur,Nottingham Forest,"(3, 1)",2024-04-07 17:00:00
Newcastle United,Tottenham Hotspur,"(4, 0)",2024-04-13 11:30:00
Brentford,Sheffield United,"(2, 0)",2024-04-13 14:00:00
Burnley,Brighton & Hove Albion,"(1, 1)",2024-04-13 14:00:00
Manchester City,Luton Town,"(5, 1)",2024-04-13 14:00:00
Nottingham Forest,Wolverhampton Wanderers,"(2, 2)",2024-04-13 14:00:00
AFC Bournemouth,Manchester United,"(2, 2)",2024-04-13 16:30:00
Liverpool,Crystal Palace,"(0, 1)",2024-04-14 13:00:00
West Ham United,Fulham,"(0, 2)",2024-04-14 13:00:00
Arsenal,Aston Villa,"(0, 2)",2024-04-14 15:30:00
Chelsea,Everton,"(6, 0)",2024-04-15 19:00:00
Luton Town,Brentford,"(1, 5)",2024-04-20 14:00:00
Sheffield United,Burnley,"(1, 4)",2024-04-20 14:00:00
Wolverhampton Wanderers,Arsenal,"(0, 2)",2024-04-20 18:30:00
Everton,Nottingham Forest,"(2, 0)",2024-04-21 12:30:00
Aston Villa,AFC Bournemouth,"(3, 1)",2024-04-21 14:00:00
Crystal Palace,West Ham United,"(5, 2)",2024-04-21 14:00:00
Fulham,Liverpool,"(1, 3)",2024-04-21 15:30:00
Arsenal,Chelsea,"(5, 0)",2024-04-23 19:00:00
Wolverhampton Wanderers,AFC Bournemouth,"(0, 1)",2024-04-24 18:45:00
Crystal Palace,Newcastle United,"(2, 0)",2024-04-24 19:00:00
Everton,Liverpool,"(2, 0)",2024-04-24 19:00:00
Manchester United,Sheffield United,"(4, 2)",2024-04-24 19:00:00
Brighton & Hove Albion,Manchester City,"(0, 4)",2024-04-25 19:00:00
West Ham United,Liverpool,"(2, 2)",2024-04-27 11:30:00
Fulham,Crystal Palace,"(1, 1)",2024-04-27 14:00:00
Manchester United,Burnley,"(1, 1)",2024-04-27 14:00:00
Newcastle United,Sheffield United,"(5, 1)",2024-04-27 14:00:00
Wolverhampton Wanderers,Luton Town,"(2, 1)",2024-04-27 14:00:00
Everton,Brentford,"(1, 0)",2024-04-27 16:30:00
Aston Villa,Chelsea,"(2, 2)",2024-04-27 19:00:00
AFC Bournemouth,Brighton & Hove Albion,"(3, 0)",2024-04-28 13:00:00
Tottenham Hotspur,Arsenal,"(2, 3)",2024-04-28 13:00:00
Nottingham Forest,Manchester City,"(0, 2)",2024-04-28 15:30:00
Chelsea,Tottenham Hotspur,"(2, 0)",2024-05-02 18:30:00
Luton Town,Everton,"(1, 1)",2024-05-03 19:00:00
Arsenal,AFC Bournemouth,"(3, 0)",2024-05-04 11:30:00
Brentford,Fulham,"(0, 0)",2024-05-04 14:00:00
Burnley,Newcastle United,"(1, 4)",2024-05-04 14:00:00
Sheffield United,Nottingham Forest,"(1, 3)",2024-05-04 14:00:00
Manchester City,Wolverhampton Wanderers,"(5, 1)",2024-05-04 16:30:00
Brighton & Hove Albion,Aston Villa,"(1, 0)",2024-05-05 13:00:00
Chelsea,West Ham United,"(5, 0)",2024-05-05 13:00:00
Liverpool,Tottenham Hotspur,"(4, 2)",2024-05-05 15:30:00
Crystal Palace,Manchester United,"(4, 0)",2024-05-06 19:00:00
Fulham,Manchester City,"(0, 4)",2024-05-11 11:30:00
AFC Bournemouth,Brentford,"(1, 2)",2024-05-11 14:00:00
Everton,Sheffield United,"(1, 0)",2024-05-11 14:00:00
Newcastle United,Brighton & Hove Albion,"(1, 1)",2024-05-11 14:00:00
Tottenham Hotspur,Burnley,"(2, 1)",2024-05-11 14:00:00
West Ham United,Luton Town,"(3, 1)",2024-05-11 14:00:00
Wolverhampton Wanderers,Crystal Palace,"(1, 3)",2024-05-11 14:00:00
Nottingham Forest,Chelsea,"(2, 3)",2024-05-11 16:30:00
Manchester United,Arsenal,"(0, 1)",2024-05-12 15:30:00
Aston Villa,Liverpool,"(3, 3)",2024-05-13 19:00:00
Tottenham Hotspur,Manchester City,"(0, 2)",2024-05-14 19:00:00
Brighton & Hove Albion,Chelsea,"(1, 2)",2024-05-15 18:45:00
Manchester United,Newcastle United,"(3, 2)",2024-05-15 19:00:00
Arsenal,Everton,"(2, 1)",2024-05-19 15:00:00
Brentford,Newcastle United,"(2, 4)",2024-05-19 15:00:00
Brighton & Hove Albion,Manchester United,"(0, 2)",2024-05-19 15:00:00
Burnley,Nottingham Forest,"(1, 2)",2024-05-19 15:00:00
Chelsea,AFC Bournemouth,"(2, 1)",2024-05-19 15:00:00
Crystal Palace,Aston Villa,"(5, 0)",2024-05-19 15:00:00
Liverpool,Wolverhampton Wanderers,"(2, 0)",2024-05-19 15:00:00
Luton Town,Fulham,"(2, 4)",2024-05-19 15:00:00
Manchester City,West Ham United,"(3, 1)",2024-05-19 15:00:00
Sheffield United,Tottenham Hotspur,"(0, 3)",2024-05-19 15:00:00
Manchester United,Fulham,"(1, 0)",2024-08-16 19:00:00
Ipswich Town,Liverpool,"(0, 2)",2024-08-17 11:30:00
Arsenal,Wolverhampton Wanderers,"(2, 0)",2024-08-17 14:00:00
Everton,Brighton & Hove Albion,"(0, 3)",2024-08-17 14:00:00
Newcastle United,Southampton,"(1, 0)",2024-08-17 14:00:00
Nottingham Forest,AFC Bournemouth,"(1, 1)",2024-08-17 14:00:00
West Ham United,Aston Villa,"(1, 2)",2024-08-17 16:30:00
Brentford,Crystal Palace,"(2, 1)",2024-08-18 13:00:00
Chelsea,Manchester City,"(0, 2)",2024-08-18 15:30:00
Leicester City,Tottenham Hotspur,"(1, 1)",2024-08-19 19:00:00
Brighton & Hove Albion,Manchester United,"(2, 1)",2024-08-24 11:30:00
Crystal Palace,West Ham United,"(0, 2)",2024-08-24 14:00:00
Fulham,Leicester City,"(2, 1)",2024-08-24 14:00:00
Manchester City,Ipswich Town,"(4, 1)",2024-08-24 14:00:00
Southampton,Nottingham Forest,"(0, 1)",2024-08-24 14:00:00
Tottenham Hotspur,Everton,"(4, 0)",2024-08-24 14:00:00
Aston Villa,Arsenal,"(0, 2)",2024-08-24 16:30:00
AFC Bournemouth,Newcastle United,"(1, 1)",2024-08-25 13:00:00
Wolverhampton Wanderers,Chelsea,"(2, 6)",2024-08-25 13:00:00
Liverpool,Brentford,"(2, 0)",2024-08-25 15:30:00
Arsenal,Brighton & Hove Albion,"(1, 1)",2024-08-31 11:30:00
Brentford,Southampton,"(3, 1)",2024-08-31 14:00:00
Everton,AFC Bournemouth,"(2, 3)",2024-08-31 14:00:00
Ipswich Town,Fulham,"(1, 1)",2024-08-31 14:00:00
Leicester City,Aston Villa,"(1, 2)",2024-08-31 14:00:00
Nottingham Forest,Wolverhampton Wanderers,"(1, 1)",2024-08-31 14:00:00
West Ham United,Manchester City,"(1, 3)",2024-08-31 16:30:00
Chelsea,Crystal Palace,"(1, 1)",2024-09-01 12:30:00
Newcastle United,Tottenham Hotspur,"(2, 1)",2024-09-01 12:30:00
Manchester United,Liverpool,"(0, 3)",2024-09-01 15:00:00
Southampton,Manchester United,"(0, 3)",2024-09-14 11:30:00
Brighton & Hove Albion,Ipswich Town,"(0, 0)",2024-09-14 14:00:00
Crystal Palace,Leicester City,"(2, 2)",2024-09-14 14:00:00
Fulham,West Ham United,"(1, 1)",2024-09-14 14:00:00
Liverpool,Nottingham Forest,"(0, 1)",2024-09-14 14:00:00
Manchester City,Brentford,"(2, 1)",2024-09-14 14:00:00
Aston Villa,Everton,"(3, 2)",2024-09-14 16:30:00
AFC Bournemouth,Chelsea,"(0, 1)",2024-09-14 19:00:00
Tottenham Hotspur,Arsenal,"(0, 1)",2024-09-15 13:00:00
Wolverhampton Wanderers,Newcastle United,"(1, 2)",2024-09-15 15:30:00
West Ham United,Chelsea,"(0, 3)",2024-09-21 11:30:00
Aston Villa,Wolverhampton Wanderers,"(3, 1)",2024-09-21 14:00:00
Fulham,Newcastle United,"(3, 1)",2024-09-21 14:00:00
Leicester City,Everton,"(1, 1)",2024-09-21 14:00:00
Liverpool,AFC Bournemouth,"(3, 0)",2024-09-21 14:00:00
Southampton,Ipswich Town,"(1, 1)",2024-09-21 14:00:00
Tottenham Hotspur,Brentford,"(3, 1)",2024-09-21 14:00:00
Crystal Palace,Manchester United,"(0, 0)",2024-09-21 16:30:00
Brighton & Hove Albion,Nottingham Forest,"(2, 2)",2024-09-22 13:00:00
Manchester City,Arsenal,"(2, 2)",2024-09-22 15:30:00
Newcastle United,Manchester City,"(1, 1)",2024-09-28 11:30:00
Arsenal,Leicester City,"(4, 2)",2024-09-28 14:00:00
Brentford,West Ham United,"(1, 1)",2024-09-28 14:00:00
Chelsea,Brighton & Hove Albion,"(4, 2)",2024-09-28 14:00:00
Everton,Crystal Palace,"(2, 1)",2024-09-28 14:00:00
Nottingham Forest,Fulham,"(0, 1)",2024-09-28 14:00:00
Wolverhampton Wanderers,Liverpool,"(1, 2)",2024-09-28 16:30:00
Ipswich Town,Aston Villa,"(2, 2)",2024-09-29 13:00:00
Manchester United,Tottenham Hotspur,"(0, 3)",2024-09-29 15:30:00
AFC Bournemouth,Southampton,"(3, 1)",2024-09-30 19:00:00
Crystal Palace,Liverpool,"(0, 1)",2024-10-05 11:30:00
Arsenal,Southampton,"(3, 1)",2024-10-05 14:00:00
Brentford,Wolverhampton Wanderers,"(5, 3)",2024-10-05 14:00:00
Leicester City,AFC Bournemouth,"(1, 0)",2024-10-05 14:00:00
Manchester City,Fulham,"(3, 2)",2024-10-05 14:00:00
West Ham United,Ipswich Town,"(4, 1)",2024-10-05 14:00:00
Everton,Newcastle United,"(0, 0)",2024-10-05 16:30:00
Aston Villa,Manchester United,"(0, 0)",2024-10-06 13:00:00
Chelsea,Nottingham Forest,"(1, 1)",2024-10-06 13:00:00
Brighton & Hove Albion,Tottenham Hotspur,"(3, 2)",2024-10-06 15:30:00
Tottenham Hotspur,West Ham United,"(4, 1)",2024-10-19 11:30:00
Fulham,Aston Villa,"(1, 3)",2024-10-19 14:00:00
Manchester United,Brentford,"(2, 1)",2024-10-19 14:00:00
Newcastle United,Brighton & Hove Albion,"(0, 1)",2024-10-19 14:00:00
Southampton,Leicester City,"(2, 3)",2024-10-19 14:00:00
Ipswich Town,Everton,"(0, 2)",2024-10-19 14:15:00
AFC Bournemouth,Arsenal,"(2, 0)",2024-10-19 16:30:00
Wolverhampton Wanderers,Manchester City,"(1, 2)",2024-10-20 13:00:00
Liverpool,Chelsea,"(2, 1)",2024-10-20 15:30:00
Nottingham Forest,Crystal Palace,"(1, 0)",2024-10-21 19:00:00
Leicester City,Nottingham Forest,"(1, 3)",2024-10-25 19:00:00
Aston Villa,AFC Bournemouth,"(1, 1)",2024-10-26 14:00:00
Brentford,Ipswich Town,"(4, 3)",2024-10-26 14:00:00
Brighton & Hove Albion,Wolverhampton Wanderers,"(2, 2)",2024-10-26 14:00:00
Manchester City,Southampton,"(1, 0)",2024-10-26 14:00:00
Everton,Fulham,"(1, 1)",2024-10-26 16:30:00
Chelsea,Newcastle United,"(2, 1)",2024-10-27 14:00:00
Crystal Palace,Tottenham Hotspur,"(1, 0)",2024-10-27 14:00:00
West Ham United,Manchester United,"(2, 1)",2024-10-27 14:00:00
Arsenal,Liverpool,"(2, 2)",2024-10-27 16:30:00
Newcastle United,Arsenal,"(1, 0)",2024-11-02 12:30:00
AFC Bournemouth,Manchester City,"(2, 1)",2024-11-02 15:00:00
Ipswich Town,Leicester City,"(1, 1)",2024-11-02 15:00:00
Liverpool,Brighton & Hove Albion,"(2, 1)",2024-11-02 15:00:00
Nottingham Forest,West Ham United,"(3, 0)",2024-11-02 15:00:00
Southampton,Everton,"(1, 0)",2024-11-02 15:00:00
Wolverhampton Wanderers,Crystal Palace,"(2, 2)",2024-11-02 17:30:00
Tottenham Hotspur,Aston Villa,"(4, 1)",2024-11-03 14:00:00
Manchester United,Chelsea,"(1, 1)",2024-11-03 16:30:00
Fulham,Brentford,"(2, 1)",2024-11-04 20:00:00
Brentford,AFC Bournemouth,"(3, 2)",2024-11-09 15:00:00
Crystal Palace,Fulham,"(0, 2)",2024-11-09 15:00:00
West Ham United,Everton,"(0, 0)",2024-11-09 15:00:00
Wolverhampton Wanderers,Southampton,"(2, 0)",2024-11-09 15:00:00
Brighton & Hove Albion,Manchester City,"(2, 1)",2024-11-09 17:30:00
Liverpool,Aston Villa,"(2, 0)",2024-11-09 20:00:00
Manchester United,Leicester City,"(3, 0)",2024-11-10 14:00:00
Nottingham Forest,Newcastle United,"(1, 3)",2024-11-10 14:00:00
Tottenham Hotspur,Ipswich Town,"(1, 2)",2024-11-10 14:00:00
Chelsea,Arsenal,"(1, 1)",2024-11-10 16:30:00
Leicester City,Chelsea,"(1, 2)",2024-11-23 12:30:00
AFC Bournemouth,Brighton & Hove Albion,"(1, 2)",2024-11-23 15:00:00
Arsenal,Nottingham Forest,"(3, 0)",2024-11-23 15:00:00
Aston Villa,Crystal Palace,"(2, 2)",2024-11-23 15:00:00
Everton,Brentford,"(0, 0)",2024-11-23 15:00:00
Fulham,Wolverhampton Wanderers,"(1, 4)",2024-11-23 15:00:00
Manchester City,Tottenham Hotspur,"(0, 4)",2024-11-23 17:30:00
Southampton,Liverpool,"(2, 3)",2024-11-24 14:00:00
Ipswich Town,Manchester United,"(1, 1)",2024-11-24 16:30:00
Newcastle United,West Ham United,"(0, 2)",2024-11-25 20:00:00
Brighton & Hove Albion,Southampton,"(1, 1)",2024-11-29 20:00:00
Brentford,Leicester City,"(4, 1)",2024-11-30 15:00:00
Crystal Palace,Newcastle United,"(1, 1)",2024-11-30 15:00:00
Nottingham Forest,Ipswich Town,"(1, 0)",2024-11-30 15:00:00
Wolverhampton Wanderers,AFC Bournemouth,"(2, 4)",2024-11-30 15:00:00
West Ham United,Arsenal,"(2, 5)",2024-11-30 17:30:00
Chelsea,Aston Villa,"(3, 0)",2024-12-01 13:30:00
Manchester United,Everton,"(4, 0)",2024-12-01 13:30:00
Tottenham Hotspur,Fulham,"(1, 1)",2024-12-01 13:30:00
Liverpool,Manchester City,"(2, 0)",2024-12-01 16:00:00
Ipswich Town,Crystal Palace,"(0, 1)",2024-12-03 19:30:00
Leicester City,West Ham United,"(3, 1)",2024-12-03 20:15:00
Everton,Wolverhampton Wanderers,"(4, 0)",2024-12-04 19:30:00
Manchester City,Nottingham Forest,"(3, 0)",2024-12-04 19:30:00
Newcastle United,Liverpool,"(3, 3)",2024-12-04 19:30:00
Southampton,Chelsea,"(1, 5)",2024-12-04 19:30:00
Arsenal,Manchester United,"(2, 0)",2024-12-04 20:15:00
Aston Villa,Brentford,"(3, 1)",2024-12-04 20:15:00
Fulham,Brighton & Hove Albion,"(3, 1)",2024-12-05 19:30:00
AFC Bournemouth,Tottenham Hotspur,"(1, 0)",2024-12-05 20:15:00
Aston Villa,Southampton,"(1, 0)",2024-12-07 15:00:00
Brentford,Newcastle United,"(4, 2)",2024-12-07 15:00:00
Crystal Palace,Manchester City,"(2, 2)",2024-12-07 15:00:00
Manchester United,Nottingham Forest,"(2, 3)",2024-12-07 17:30:00
Fulham,Arsenal,"(1, 1)",2024-12-08 14:00:00
Ipswich Town,AFC Bournemouth,"(1, 2)",2024-12-08 14:00:00
Leicester City,Brighton & Hove Albion,"(2, 2)",2024-12-08 14:00:00
Tottenham Hotspur,Chelsea,"(3, 4)",2024-12-08 16:30:00
West Ham United,Wolverhampton Wanderers,"(2, 1)",2024-12-09 20:00:00
Arsenal,Everton,"(0, 0)",2024-12-14 15:00:00
Liverpool,Fulham,"(2, 2)",2024-12-14 15:00:00
Newcastle United,Leicester City,"(4, 0)",2024-12-14 15:00:00
Wolverhampton Wanderers,Ipswich Town,"(1, 2)",2024-12-14 15:00:00
Nottingham Forest,Aston Villa,"(2, 1)",2024-12-14 17:30:00
Brighton & Hove Albion,Crystal Palace,"(1, 3)",2024-12-15 14:00:00
Manchester City,Manchester United,"(1, 2)",2024-12-15 16:30:00
Chelsea,Brentford,"(2, 1)",2024-12-15 19:00:00
Southampton,Tottenham Hotspur,"(0, 5)",2024-12-15 19:00:00
AFC Bournemouth,West Ham United,"(1, 1)",2024-12-16 20:00:00
Aston Villa,Manchester City,"(2, 1)",2024-12-21 12:30:00
Brentford,Nottingham Forest,"(0, 2)",2024-12-21 15:00:00
Ipswich Town,Newcastle United,"(0, 4)",2024-12-21 15:00:00
West Ham United,Brighton & Hove Albion,"(1, 1)",2024-12-21 15:00:00
Crystal Palace,Arsenal,"(1, 5)",2024-12-21 17:30:00
Everton,Chelsea,"(0, 0)",2024-12-22 14:00:00
Fulham,Southampton,"(0, 0)",2024-12-22 14:00:00
Leicester City,Wolverhampton Wanderers,"(0, 3)",2024-12-22 14:00:00
Manchester United,AFC Bournemouth,"(0, 3)",2024-12-22 14:00:00
Tottenham Hotspur,Liverpool,"(3, 6)",2024-12-22 16:30:00
Manchester City,Everton,"(1, 1)",2024-12-26 12:30:00
AFC Bournemouth,Crystal Palace,"(0, 0)",2024-12-26 15:00:00
Chelsea,Fulham,"(1, 2)",2024-12-26 15:00:00
Newcastle United,Aston Villa,"(3, 0)",2024-12-26 15:00:00
Nottingham Forest,Tottenham Hotspur,"(1, 0)",2024-12-26 15:00:00
Southampton,West Ham United,"(0, 1)",2024-12-26 15:00:00
Wolverhampton Wanderers,Manchester United,"(2, 0)",2024-12-26 17:30:00
Liverpool,Leicester City,"(3, 1)",2024-12-26 20:00:00
Brighton & Hove Albion,Brentford,"(0, 0)",2024-12-27 19:30:00
Arsenal,Ipswich Town,"(1, 0)",2024-12-27 20:15:00
Leicester City,Manchester City,"(0, 2)",2024-12-29 14:30:00
Crystal Palace,Southampton,"(2, 1)",2024-12-29 15:00:00
Everton,Nottingham Forest,"(0, 2)",2024-12-29 15:00:00
Fulham,AFC Bournemouth,"(2, 2)",2024-12-29 15:00:00
Tottenham Hotspur,Wolverhampton Wanderers,"(2, 2)",2024-12-29 15:00:00
West Ham United,Liverpool,"(0, 5)",2024-12-29 17:15:00
Aston Villa,Brighton & Hove Albion,"(2, 2)",2024-12-30 19:45:00
Ipswich Town,Chelsea,"(2, 0)",2024-12-30 19:45:00
Manchester United,Newcastle United,"(0, 2)",2024-12-30 20:00:00
Brentford,Arsenal,"(1, 3)",2025-01-01 17:30:00
Tottenham Hotspur,Newcastle United,"(1, 2)",2025-01-04 12:30:00
AFC Bournemouth,Everton,"(1, 0)",2025-01-04 15:00:00
Aston Villa,Leicester City,"(2, 1)",2025-01-04 15:00:00
Crystal Palace,Chelsea,"(1, 1)",2025-01-04 15:00:00
Manchester City,West Ham United,"(4, 1)",2025-01-04 15:00:00
Southampton,Brentford,"(0, 5)",2025-01-04 15:00:00
Brighton & Hove Albion,Arsenal,"(1, 1)",2025-01-04 17:30:00
Fulham,Ipswich Town,"(2, 2)",2025-01-05 14:00:00
Liverpool,Manchester United,"(2, 2)",2025-01-05 16:30:00
Wolverhampton Wanderers,Nottingham Forest,"(0, 3)",2025-01-06 20:00:00
Brentford,Manchester City,"(2, 2)",2025-01-14 19:30:00
Chelsea,AFC Bournemouth,"(2, 2)",2025-01-14 19:30:00
West Ham United,Fulham,"(3, 2)",2025-01-14 19:30:00
Nottingham Forest,Liverpool,"(1, 1)",2025-01-14 20:00:00
Everton,Aston Villa,"(0, 1)",2025-01-15 19:30:00
Leicester City,Crystal Palace,"(0, 2)",2025-01-15 19:30:00
Newcastle United,Wolverhampton Wanderers,"(3, 0)",2025-01-15 19:30:00
Arsenal,Tottenham Hotspur,"(2, 1)",2025-01-15 20:00:00
Ipswich Town,Brighton & Hove Albion,"(0, 2)",2025-01-16 19:30:00
Manchester United,Southampton,"(3, 1)",2025-01-16 20:00:00
Newcastle United,AFC Bournemouth,"(1, 4)",2025-01-18 12:30:00
Brentford,Liverpool,"(0, 2)",2025-01-18 15:00:00
Leicester City,Fulham,"(0, 2)",2025-01-18 15:00:00
West Ham United,Crystal Palace,"(0, 2)",2025-01-18 15:00:00
Arsenal,Aston Villa,"(2, 2)",2025-01-18 17:30:00
Everton,Tottenham Hotspur,"(3, 2)",2025-01-19 14:00:00
Manchester United,Brighton & Hove Albion,"(1, 3)",2025-01-19 14:00:00
Nottingham Forest,Southampton,"(3, 2)",2025-01-19 14:00:00
Ipswich Town,Manchester City,"(0, 6)",2025-01-19 16:30:00
Chelsea,Wolverhampton Wanderers,"(3, 1)",2025-01-20 20:00:00
AFC Bournemouth,Nottingham Forest,"(5, 0)",2025-01-25 15:00:00
Brighton & Hove Albion,Everton,"(0, 1)",2025-01-25 15:00:00
Liverpool,Ipswich Town,"(4, 1)",2025-01-25 15:00:00
Southampton,Newcastle United,"(1, 3)",2025-01-25 15:00:00
Wolverhampton Wanderers,Arsenal,"(0, 1)",2025-01-25 15:00:00
Manchester City,Chelsea,"(3, 1)",2025-01-25 17:30:00
Crystal Palace,Brentford,"(1, 2)",2025-01-26 14:00:00
Tottenham Hotspur,Leicester City,"(1, 2)",2025-01-26 14:00:00
Aston Villa,West Ham United,"(1, 1)",2025-01-26 16:30:00
Fulham,Manchester United,"(0, 1)",2025-01-26 19:00:00
Nottingham Forest,Brighton & Hove Albion,"(7, 0)",2025-02-01 12:30:00
AFC Bournemouth,Liverpool,"(0, 2)",2025-02-01 15:00:00
Everton,Leicester City,"(4, 0)",2025-02-01 15:00:00
Ipswich Town,Southampton,"(1, 2)",2025-02-01 15:00:00
Newcastle United,Fulham,"(1, 2)",2025-02-01 15:00:00
Wolverhampton Wanderers,Aston Villa,"(2, 0)",2025-02-01 17:30:00
Brentford,Tottenham Hotspur,"(0, 2)",2025-02-02 14:00:00
Manchester United,Crystal Palace,"(0, 2)",2025-02-02 14:00:00
Arsenal,Manchester City,"(5, 1)",2025-02-02 16:30:00
Chelsea,West Ham United,"(2, 1)",2025-02-03 20:00:00
Everton,Liverpool,"(2, 2)",2025-02-12 19:30:00
Brighton & Hove Albion,Chelsea,"(3, 0)",2025-02-14 20:00:00
Leicester City,Arsenal,"(0, 2)",2025-02-15 12:30:00
Aston Villa,Ipswich Town,"(1, 1)",2025-02-15 15:00:00
Fulham,Nottingham Forest,"(2, 1)",2025-02-15 15:00:00
Manchester City,Newcastle United,"(4, 0)",2025-02-15 15:00:00
Southampton,AFC Bournemouth,"(1, 3)",2025-02-15 15:00:00
West Ham United,Brentford,"(0, 1)",2025-02-15 15:00:00
Crystal Palace,Everton,"(1, 2)",2025-02-15 17:30:00
Liverpool,Wolverhampton Wanderers,"(2, 1)",2025-02-16 14:00:00
Tottenham Hotspur,Manchester United,"(1, 0)",2025-02-16 16:30:00
Aston Villa,Liverpool,"(2, 2)",2025-02-19 19:30:00
Leicester City,Brentford,"(0, 4)",2025-02-21 20:00:00
Everton,Manchester United,"(2, 2)",2025-02-22 12:30:00
AFC Bournemouth,Wolverhampton Wanderers,"(0, 1)",2025-02-22 15:00:00
Arsenal,West Ham United,"(0, 1)",2025-02-22 15:00:00
Fulham,Crystal Palace,"(0, 2)",2025-02-22 15:00:00
Ipswich Town,Tottenham Hotspur,"(1, 4)",2025-02-22 15:00:00
Southampton,Brighton & Hove Albion,"(0, 4)",2025-02-22 15:00:00
Aston Villa,Chelsea,"(2, 1)",2025-02-22 17:30:00
Newcastle United,Nottingham Forest,"(4, 3)",2025-02-23 14:00:00
Manchester City,Liverpool,"(0, 2)",2025-02-23 16:30:00
Brighton & Hove Albion,AFC Bournemouth,"(2, 1)",2025-02-25 19:30:00
Crystal Palace,Aston Villa,"(4, 1)",2025-02-25 19:30:00
Wolverhampton Wanderers,Fulham,"(1, 2)",2025-02-25 19:30:00
Chelsea,Southampton,"(4, 0)",2025-02-25 20:15:00
Brentford,Everton,"(1, 1)",2025-02-26 19:30:00
Manchester United,Ipswich Town,"(3, 2)",2025-02-26 19:30:00
Nottingham Forest,Arsenal,"(0, 0)",2025-02-26 19:30:00
Tottenham Hotspur,Manchester City,"(0, 1)",2025-02-26 19:30:00
Liverpool,Newcastle United,"(2, 0)",2025-02-26 20:15:00
West Ham United,Leicester City,"(2, 0)",2025-02-27 20:00:00
Nottingham Forest,Manchester City,"(1, 0)",2025-03-08 12:30:00
Brighton & Hove Albion,Fulham,"(2, 1)",2025-03-08 15:00:00
Crystal Palace,Ipswich Town,"(1, 0)",2025-03-08 15:00:00
Liverpool,Southampton,"(3, 1)",2025-03-08 15:00:00
Brentford,Aston Villa,"(0, 1)",2025-03-08 17:30:00
Wolverhampton Wanderers,Everton,"(1, 1)",2025-03-08 20:00:00
Chelsea,Leicester City,"(1, 0)",2025-03-09 14:00:00
Tottenham Hotspur,AFC Bournemouth,"(2, 2)",2025-03-09 14:00:00
Manchester United,Arsenal,"(1, 1)",2025-03-09 16:30:00
West Ham United,Newcastle United,"(0, 1)",2025-03-10 20:00:00
Everton,West Ham United,"(1, 1)",2025-03-15 15:00:00
Ipswich Town,Nottingham Forest,"(2, 4)",2025-03-15 15:00:00
Southampton,Wolverhampton Wanderers,"(1, 2)",2025-03-15 15:00:00
Manchester City,Brighton & Hove Albion,"(2, 2)",2025-03-15 15:00:01
AFC Bournemouth,Brentford,"(1, 2)",2025-03-15 17:30:00
Arsenal,Chelsea,"(1, 0)",2025-03-16 13:30:00
Fulham,Tottenham Hotspur,"(2, 0)",2025-03-16 13:30:00
Leicester City,Manchester United,"(0, 3)",2025-03-16 19:00:00
Arsenal,Fulham,"(2, 1)",2025-04-01 18:45:00
Wolverhampton Wanderers,West Ham United,"(1, 0)",2025-04-01 18:45:00
Nottingham Forest,Manchester United,"(1, 0)",2025-04-01 19:00:00
AFC Bournemouth,Ipswich Town,"(1, 2)",2025-04-02 18:45:00
Brighton & Hove Albion,Aston Villa,"(0, 3)",2025-04-02 18:45:00
Manchester City,Leicester City,"(2, 0)",2025-04-02 18:45:00
Newcastle United,Brentford,"(2, 1)",2025-04-02 18:45:00
Southampton,Crystal Palace,"(1, 1)",2025-04-02 18:45:00
Liverpool,Everton,"(1, 0)",2025-04-02 19:00:00
Chelsea,Tottenham Hotspur,"(1, 0)",2025-04-03 19:00:00
Everton,Arsenal,"(1, 1)",2025-04-05 11:30:00
Crystal Palace,Brighton & Hove Albion,"(2, 1)",2025-04-05 14:00:00
Ipswich Town,Wolverhampton Wanderers,"(1, 2)",2025-04-05 14:00:00
West Ham United,AFC Bournemouth,"(2, 2)",2025-04-05 14:00:00
Aston Villa,Nottingham Forest,"(2, 1)",2025-04-05 16:30:00
Brentford,Chelsea,"(0, 0)",2025-04-06 13:00:00
Fulham,Liverpool,"(3, 2)",2025-04-06 13:00:00
Tottenham Hotspur,Southampton,"(3, 1)",2025-04-06 13:00:00
Manchester United,Manchester City,"(0, 0)",2025-04-06 15:30:00
Leicester City,Newcastle United,"(0, 3)",2025-04-07 19:00:00
Manchester City,Crystal Palace,"(5, 2)",2025-04-12 11:30:00
Brighton & Hove Albion,Leicester City,"(2, 2)",2025-04-12 14:00:00
Nottingham Forest,Everton,"(0, 1)",2025-04-12 14:00:00
Southampton,Aston Villa,"(0, 3)",2025-04-12 14:00:00
Arsenal,Brentford,"(1, 1)",2025-04-12 16:30:00
Chelsea,Ipswich Town,"(2, 2)",2025-04-13 13:00:00
Liverpool,West Ham United,"(2, 1)",2025-04-13 13:00:00
Wolverhampton Wanderers,Tottenham Hotspur,"(4, 2)",2025-04-13 13:00:00
Newcastle United,Manchester United,"(4, 1)",2025-04-13 15:30:00
AFC Bournemouth,Fulham,"(1, 0)",2025-04-14 19:00:00
Newcastle United,Crystal Palace,"(5, 0)",2025-04-16 18:30:00
Brentford,Brighton & Hove Albion,"(4, 2)",2025-04-19 14:00:00
Crystal Palace,AFC Bournemouth,"(0, 0)",2025-04-19 14:00:00
Everton,Manchester City,"(0, 2)",2025-04-19 14:00:00
West Ham United,Southampton,"(1, 1)",2025-04-19 14:00:00
Aston Villa,Newcastle United,"(4, 1)",2025-04-19 16:30:00
Fulham,Chelsea,"(1, 2)",2025-04-20 13:00:00
Ipswich Town,Arsenal,"(0, 4)",2025-04-20 13:00:00
Manchester United,Wolverhampton Wanderers,"(0, 1)",2025-04-20 13:00:00
Leicester City,Liverpool,"(0, 1)",2025-04-20 15:30:00
Tottenham Hotspur,Nottingham Forest,"(1, 2)",2025-04-21 19:00:00
Manchester City,Aston Villa,"(2, 1)",2025-04-22 19:00:00
Arsenal,Crystal Palace,"(2, 2)",2025-04-23 19:00:00
Chelsea,Everton,"(1, 0)",2025-04-26 11:30:00
Brighton & Hove Albion,West Ham United,"(3, 2)",2025-04-26 14:00:00
Newcastle United,Ipswich Town,"(3, 0)",2025-04-26 14:00:00
Southampton,Fulham,"(1, 2)",2025-04-26 14:00:00
Wolverhampton Wanderers,Leicester City,"(3, 0)",2025-04-26 14:00:00
AFC Bournemouth,Manchester United,"(1, 1)",2025-04-27 13:00:00
Liverpool,Tottenham Hotspur,"(5, 1)",2025-04-27 15:30:00
Nottingham Forest,Brentford,"(0, 2)",2025-05-01 18:30:00
Manchester City,Wolverhampton Wanderers,"(1, 0)",2025-05-02 19:00:00
Aston Villa,Fulham,"(1, 0)",2025-05-03 11:30:00
Everton,Ipswich Town,"(2, 2)",2025-05-03 14:00:00
Leicester City,Southampton,"(2, 0)",2025-05-03 14:00:00
Arsenal,AFC Bournemouth,"(1, 2)",2025-05-03 16:30:00
Brentford,Manchester United,"(4, 3)",2025-05-04 13:00:00
Brighton & Hove Albion,Newcastle United,"(1, 1)",2025-05-04 13:00:00
West Ham United,Tottenham Hotspur,"(1, 1)",2025-05-04 13:00:00
Chelsea,Liverpool,"(3, 1)",2025-05-04 15:30:00
Crystal Palace,Nottingham Forest,"(1, 1)",2025-05-05 19:00:00
Fulham,Everton,"(1, 3)",2025-05-10 14:00:00
Ipswich Town,Brentford,"(0, 1)",2025-05-10 14:00:00
Southampton,Manchester City,"(0, 0)",2025-05-10 14:00:00
Wolverhampton Wanderers,Brighton & Hove Albion,"(0, 2)",2025-05-10 14:00:00
AFC Bournemouth,Aston Villa,"(0, 1)",2025-05-10 16:30:00
Newcastle United,Chelsea,"(2, 0)",2025-05-11 11:00:00
Manchester United,West Ham United,"(0, 2)",2025-05-11 13:15:00
Nottingham Forest,Leicester City,"(2, 2)",2025-05-11 13:15:00
Tottenham Hotspur,Crystal Palace,"(0, 2)",2025-05-11 13:15:00
Liverpool,Arsenal,"(2, 2)",2025-05-11 15:30:00
Aston Villa,Tottenham Hotspur,"(2, 0)",2025-05-16 18:30:00
Chelsea,Manchester United,"(1, 0)",2025-05-16 19:15:00
Everton,Southampton,"(2, 0)",2025-05-18 11:00:00
West Ham United,Nottingham Forest,"(1, 2)",2025-05-18 13:15:00
Brentford,Fulham,"(2, 3)",2025-05-18 14:00:00
Leicester City,Ipswich Town,"(2, 0)",2025-05-18 14:00:00
Arsenal,Newcastle United,"(1, 0)",2025-05-18 15:30:00
Brighton & Hove Albion,Liverpool,"(3, 2)",2025-05-19 19:00:00
Crystal Palace,Wolverhampton Wanderers,"(4, 2)",2025-05-20 19:00:00
Manchester City,AFC Bournemouth,"(3, 1)",2025-05-20 19:00:00
AFC Bournemouth,Leicester City,"(2, 0)",2025-05-25 15:00:00
Fulham,Manchester City,"(0, 2)",2025-05-25 15:00:00
Ipswich Town,West Ham United,"(1, 3)",2025-05-25 15:00:00
Liverpool,Crystal Palace,"(1, 1)",2025-05-25 15:00:00
Manchester United,Aston Villa,"(2, 0)",2025-05-25 15:00:00
Newcastle United,Everton,"(0, 1)",2025-05-25 15:00:00
Nottingham Forest,Chelsea,"(0, 1)",2025-05-25 15:00:00
Southampton,Arsenal,"(1, 2)",2025-05-25 15:00:00
Tottenham Hotspur,Brighton & Hove Albion,"(1, 4)",2025-05-25 15:00:00
Wolverhampton Wanderers,Brentford,"(1, 1)",2025-05-25 15:00:00
Liverpool,AFC Bournemouth,"(4, 2)",2025-08-15 19:00:00
Aston Villa,Newcastle United,"(0, 0)",2025-08-16 11:30:00
Brighton & Hove Albion,Fulham,"(1, 1)",2025-08-16 14:00:00
Sunderland,West Ham United,"(3, 0)",2025-08-16 14:00:00
Tottenham Hotspur,Burnley,"(3, 0)",2025-08-16 14:00:00
Wolverhampton Wanderers,Manchester City,"(0, 4)",2025-08-16 16:30:00
Chelsea,Crystal Palace,"(0, 0)",2025-08-17 13:00:00
Nottingham Forest,Brentford,"(3, 1)",2025-08-17 13:00:00
Manchester United,Arsenal,"(0, 1)",2025-08-17 15:30:00
Leeds United,Everton,"(1, 0)",2025-08-18 19:00:00
West Ham United,Chelsea,"(1, 5)",2025-08-22 19:00:00
Manchester City,Tottenham Hotspur,"(0, 2)",2025-08-23 11:30:00
AFC Bournemouth,Wolverhampton Wanderers,"(1, 0)",2025-08-23 14:00:00
Brentford,Aston Villa,"(1, 0)",2025-08-23 14:00:00
Burnley,Sunderland,"(2, 0)",2025-08-23 14:00:00
Arsenal,Leeds United,"(5, 0)",2025-08-23 16:30:00
Crystal Palace,Nottingham Forest,"(1, 1)",2025-08-24 13:00:00
Everton,Brighton & Hove Albion,"(2, 0)",2025-08-24 13:00:00
Fulham,Manchester United,"(1, 1)",2025-08-24 15:30:00
Newcastle United,Liverpool,"(2, 3)",2025-08-25 19:00:00
Chelsea,Fulham,"(2, 0)",2025-08-30 11:30:00
Manchester United,Burnley,"(3, 2)",2025-08-30 14:00:00
Sunderland,Brentford,"(2, 1)",2025-08-30 14:00:00
Tottenham Hotspur,AFC Bournemouth,"(0, 1)",2025-08-30 14:00:00
Wolverhampton Wanderers,Everton,"(2, 3)",2025-08-30 14:00:00
Leeds United,Newcastle United,"(0, 0)",2025-08-30 16:30:00
Brighton & Hove Albion,Manchester City,"(2, 1)",2025-08-31 13:00:00
Nottingham Forest,West Ham United,"(0, 3)",2025-08-31 13:00:00
Liverpool,Arsenal,"(1, 0)",2025-08-31 15:30:00
Aston Villa,Crystal Palace,"(0, 3)",2025-08-31 18:00:00
Arsenal,Nottingham Forest,"(3, 0)",2025-09-13 11:30:00
AFC Bournemouth,Brighton & Hove Albion,"(2, 1)",2025-09-13 14:00:00
Crystal Palace,Sunderland,"(0, 0)",2025-09-13 14:00:00
Everton,Aston Villa,"(0, 0)",2025-09-13 14:00:00
Fulham,Leeds United,"(1, 0)",2025-09-13 14:00:00
Newcastle United,Wolverhampton Wanderers,"(1, 0)",2025-09-13 14:00:00
West Ham United,Tottenham Hotspur,"(0, 3)",2025-09-13 16:30:00
Brentford,Chelsea,"(2, 2)",2025-09-13 19:00:00
Burnley,Liverpool,"(0, 1)",2025-09-14 13:00:00
Manchester City,Manchester United,"(3, 0)",2025-09-14 15:30:00
Liverpool,Everton,"(2, 1)",2025-09-20 11:30:00
Brighton & Hove Albion,Tottenham Hotspur,"(2, 2)",2025-09-20 14:00:00
Burnley,Nottingham Forest,"(1, 1)",2025-09-20 14:00:00
West Ham United,Crystal Palace,"(1, 2)",2025-09-20 14:00:00
Wolverhampton Wanderers,Leeds United,"(1, 3)",2025-09-20 14:00:00
Manchester United,Chelsea,"(2, 1)",2025-09-20 16:30:00
Fulham,Brentford,"(3, 1)",2025-09-20 19:00:00
AFC Bournemouth,Newcastle United,"(0, 0)",2025-09-21 13:00:00
Sunderland,Aston Villa,"(1, 1)",2025-09-21 13:00:00
Arsenal,Manchester City,"(1, 1)",2025-09-21 15:30:00
Brentford,Manchester United,"(3, 1)",2025-09-27 11:30:00
Chelsea,Brighton & Hove Albion,"(1, 3)",2025-09-27 14:00:00
Crystal Palace,Liverpool,"(2, 1)",2025-09-27 14:00:00
Leeds United,AFC Bournemouth,"(2, 2)",2025-09-27 14:00:00
Manchester City,Burnley,"(5, 1)",2025-09-27 14:00:00
Nottingham Forest,Sunderland,"(0, 1)",2025-09-27 16:30:00
Tottenham Hotspur,Wolverhampton Wanderers,"(1, 1)",2025-09-27 19:00:00
Aston Villa,Fulham,"(3, 1)",2025-09-28 13:00:00
Newcastle United,Arsenal,"(1, 2)",2025-09-28 15:30:00
Everton,West Ham United,"(1, 1)",2025-09-29 19:00:00
AFC Bournemouth,Fulham,"(3, 1)",2025-10-03 19:00:00
Leeds United,Tottenham Hotspur,"(1, 2)",2025-10-04 11:30:00
Arsenal,West Ham United,"(2, 0)",2025-10-04 14:00:00
Manchester United,Sunderland,"(2, 0)",2025-10-04 14:00:00
Chelsea,Liverpool,"(2, 1)",2025-10-04 16:30:00
Aston Villa,Burnley,"(2, 1)",2025-10-05 13:00:00
Everton,Crystal Palace,"(2, 1)",2025-10-05 13:00:00
Newcastle United,Nottingham Forest,"(2, 0)",2025-10-05 13:00:00
Wolverhampton Wanderers,Brighton & Hove Albion,"(1, 1)",2025-10-05 13:00:00
Brentford,Manchester City,"(0, 1)",2025-10-05 15:30:00
Nottingham Forest,Chelsea,"(0, 3)",2025-10-18 11:30:00
Brighton & Hove Albion,Newcastle United,"(2, 1)",2025-10-18 14:00:00
Burnley,Leeds United,"(2, 0)",2025-10-18 14:00:00
Crystal Palace,AFC Bournemouth,"(3, 3)",2025-10-18 14:00:00
Manchester City,Everton,"(2, 0)",2025-10-18 14:00:00
Sunderland,Wolverhampton Wanderers,"(2, 0)",2025-10-18 14:00:00
Fulham,Arsenal,"(0, 1)",2025-10-18 16:30:00
Tottenham Hotspur,Aston Villa,"(1, 2)",2025-10-19 13:00:00
Liverpool,Manchester United,"(1, 2)",2025-10-19 15:30:00
West Ham United,Brentford,"(0, 2)",2025-10-20 19:00:00
Leeds United,West Ham United,"(2, 1)",2025-10-24 19:00:00
Chelsea,Sunderland,"(1, 2)",2025-10-25 14:00:00
Newcastle United,Fulham,"(2, 1)",2025-10-25 14:00:00
Manchester United,Brighton & Hove Albion,"(4, 2)",2025-10-25 16:30:00
Brentford,Liverpool,"(3, 2)",2025-10-25 19:00:00
AFC Bournemouth,Nottingham Forest,"(2, 0)",2025-10-26 14:00:00
Arsenal,Crystal Palace,"(1, 0)",2025-10-26 14:00:00
Aston Villa,Manchester City,"(1, 0)",2025-10-26 14:00:00
Wolverhampton Wanderers,Burnley,"(2, 3)",2025-10-26 14:00:00
Everton,Tottenham Hotspur,"(0, 3)",2025-10-26 16:30:00
Brighton & Hove Albion,Leeds United,"(3, 0)",2025-11-01 15:00:00
Burnley,Arsenal,"(0, 2)",2025-11-01 15:00:00
Crystal Palace,Brentford,"(2, 0)",2025-11-01 15:00:00
Fulham,Wolverhampton Wanderers,"(3, 0)",2025-11-01 15:00:00
Nottingham Forest,Manchester United,"(2, 2)",2025-11-01 15:00:00
Tottenham Hotspur,Chelsea,"(0, 1)",2025-11-01 17:30:00
Liverpool,Aston Villa,"(2, 0)",2025-11-01 20:00:00
West Ham United,Newcastle United,"(3, 1)",2025-11-02 14:00:00
Manchester City,AFC Bournemouth,"(3, 1)",2025-11-02 16:30:00
Sunderland,Everton,"(1, 1)",2025-11-03 20:00:00
Tottenham Hotspur,Manchester United,"(2, 2)",2025-11-08 12:30:00
Everton,Fulham,"(2, 0)",2025-11-08 15:00:00
West Ham United,Burnley,"(3, 2)",2025-11-08 15:00:00
Sunderland,Arsenal,"(2, 2)",2025-11-08 17:30:00
Chelsea,Wolverhampton Wanderers,"(3, 0)",2025-11-08 20:00:00
Aston Villa,AFC Bournemouth,"(4, 0)",2025-11-09 14:00:00
Brentford,Newcastle United,"(3, 1)",2025-11-09 14:00:00
Crystal Palace,Brighton & Hove Albion,"(0, 0)",2025-11-09 14:00:00
Nottingham Forest,Leeds United,"(3, 1)",2025-11-09 14:00:00
Manchester City,Liverpool,"(3, 0)",2025-11-09 16:30:00
Burnley,Chelsea,"(0, 2)",2025-11-22 12:30:00
AFC Bournemouth,West Ham United,"(2, 2)",2025-11-22 15:00:00
Brighton & Hove Albion,Brentford,"(2, 1)",2025-11-22 15:00:00
Fulham,Sunderland,"(1, 0)",2025-11-22 15:00:00
Liverpool,Nottingham Forest,"(0, 3)",2025-11-22 15:00:00
Wolverhampton Wanderers,Crystal Palace,"(0, 2)",2025-11-22 15:00:00
Newcastle United,Manchester City,"(2, 1)",2025-11-22 17:30:00
Leeds United,Aston Villa,"(1, 2)",2025-11-23 14:00:00
Arsenal,Tottenham Hotspur,"(4, 1)",2025-11-23 16:30:00
Manchester United,Everton,"(0, 1)",2025-11-24 20:00:00
Brentford,Burnley,"(3, 1)",2025-11-29 15:00:00
Manchester City,Leeds United,"(3, 2)",2025-11-29 15:00:00
Sunderland,AFC Bournemouth,"(3, 2)",2025-11-29 15:00:00
Everton,Newcastle United,"(1, 4)",2025-11-29 17:30:00
Tottenham Hotspur,Fulham,"(1, 2)",2025-11-29 20:00:00
Crystal Palace,Manchester United,"(1, 2)",2025-11-30 12:00:00
Aston Villa,Wolverhampton Wanderers,"(1, 0)",2025-11-30 14:05:00
Nottingham Forest,Brighton & Hove Albion,"(0, 2)",2025-11-30 14:05:00
West Ham United,Liverpool,"(0, 2)",2025-11-30 14:05:00
Chelsea,Arsenal,"(1, 1)",2025-11-30 16:30:00
AFC Bournemouth,Everton,"(0, 1)",2025-12-02 19:30:00
Fulham,Manchester City,"(4, 5)",2025-12-02 19:30:00
Newcastle United,Tottenham Hotspur,"(2, 2)",2025-12-02 20:15:00
Arsenal,Brentford,"(2, 0)",2025-12-03 19:30:00
Brighton & Hove Albion,Aston Villa,"(3, 4)",2025-12-03 19:30:00
Burnley,Crystal Palace,"(0, 1)",2025-12-03 19:30:00
Wolverhampton Wanderers,Nottingham Forest,"(0, 1)",2025-12-03 19:30:00
Leeds United,Chelsea,"(3, 1)",2025-12-03 20:15:00
Liverpool,Sunderland,"(1, 1)",2025-12-03 20:15:00
Manchester United,West Ham United,"(1, 1)",2025-12-04 20:00:00
Aston Villa,Arsenal,"(2, 1)",2025-12-06 12:30:00
AFC Bournemouth,Chelsea,"(0, 0)",2025-12-06 15:00:00
Everton,Nottingham Forest,"(3, 0)",2025-12-06 15:00:00
Manchester City,Sunderland,"(3, 0)",2025-12-06 15:00:00
Newcastle United,Burnley,"(2, 1)",2025-12-06 15:00:00
Tottenham Hotspur,Brentford,"(2, 0)",2025-12-06 15:00:00
Leeds United,Liverpool,"(3, 3)",2025-12-06 17:30:00
Brighton & Hove Albion,West Ham United,"(1, 1)",2025-12-07 14:00:00
Fulham,Crystal Palace,"(1, 2)",2025-12-07 16:30:00
Wolverhampton Wanderers,Manchester United,"(1, 4)",2025-12-08 20:00:00
Chelsea,Everton,"(2, 0)",2025-12-13 15:00:00
Liverpool,Brighton & Hove Albion,"(2, 0)",2025-12-13 15:00:00
Burnley,Fulham,"(2, 3)",2025-12-13 17:30:00
Arsenal,Wolverhampton Wanderers,"(2, 1)",2025-12-13 20:00:00
Crystal Palace,Manchester City,"(0, 3)",2025-12-14 14:00:00
Nottingham Forest,Tottenham Hotspur,"(3, 0)",2025-12-14 14:00:00
Sunderland,Newcastle United,"(1, 0)",2025-12-14 14:00:00
West Ham United,Aston Villa,"(2, 3)",2025-12-14 14:00:00
Brentford,Leeds United,"(1, 1)",2025-12-14 16:30:00
Manchester United,AFC Bournemouth,"(4, 4)",2025-12-15 20:00:00
Newcastle United,Chelsea,"(2, 2)",2025-12-20 12:30:00
AFC Bournemouth,Burnley,"(1, 1)",2025-12-20 15:00:00
Brighton & Hove Albion,Sunderland,"(0, 0)",2025-12-20 15:00:00
Manchester City,West Ham United,"(3, 0)",2025-12-20 15:00:00
Wolverhampton Wanderers,Brentford,"(0, 2)",2025-12-20 15:00:00
Tottenham Hotspur,Liverpool,"(1, 2)",2025-12-20 17:30:00
Everton,Arsenal,"(0, 1)",2025-12-20 20:00:00
Leeds United,Crystal Palace,"(4, 1)",2025-12-20 20:00:00
Aston Villa,Manchester United,"(2, 1)",2025-12-21 16:30:00
Fulham,Nottingham Forest,"(1, 0)",2025-12-22 20:00:00
Manchester United,Newcastle United,"(1, 0)",2025-12-26 20:00:00
Nottingham Forest,Manchester City,"(1, 2)",2025-12-27 12:30:00
Arsenal,Brighton & Hove Albion,"(2, 1)",2025-12-27 15:00:00
Brentford,AFC Bournemouth,"(4, 1)",2025-12-27 15:00:00
Burnley,Everton,"(0, 0)",2025-12-27 15:00:00
Liverpool,Wolverhampton Wanderers,"(2, 1)",2025-12-27 15:00:00
West Ham United,Fulham,"(0, 1)",2025-12-27 15:00:00
Chelsea,Aston Villa,"(1, 2)",2025-12-27 17:30:00
Sunderland,Leeds United,"(1, 1)",2025-12-28 14:00:00
Crystal Palace,Tottenham Hotspur,"(0, 1)",2025-12-28 16:30:00
Burnley,Newcastle United,"(1, 3)",2025-12-30 19:30:00
Chelsea,AFC Bournemouth,"(2, 2)",2025-12-30 19:30:00
Nottingham Forest,Everton,"(0, 2)",2025-12-30 19:30:00
West Ham United,Brighton & Hove Albion,"(2, 2)",2025-12-30 19:30:00
Arsenal,Aston Villa,"(4, 1)",2025-12-30 20:15:00
Manchester United,Wolverhampton Wanderers,"(1, 1)",2025-12-30 20:15:00
Crystal Palace,Fulham,"(1, 1)",2026-01-01 17:30:00
Liverpool,Leeds United,"(0, 0)",2026-01-01 17:30:00
Brentford,Tottenham Hotspur,"(0, 0)",2026-01-01 20:00:00
Sunderland,Manchester City,"(0, 0)",2026-01-01 20:00:00
Aston Villa,Nottingham Forest,"(3, 1)",2026-01-03 12:30:00
Brighton & Hove Albion,Burnley,"(2, 0)",2026-01-03 15:00:00
Wolverhampton Wanderers,West Ham United,"(3, 0)",2026-01-03 15:00:00
AFC Bournemouth,Arsenal,"(2, 3)",2026-01-03 17:30:00
Leeds United,Manchester United,"(1, 1)",2026-01-04 12:30:00
Everton,Brentford,"(2, 4)",2026-01-04 15:00:00
Newcastle United,Crystal Palace,"(2, 0)",2026-01-04 15:00:00
Tottenham Hotspur,Sunderland,"(1, 1)",2026-01-04 15:00:00
Fulham,Liverpool,"(2, 2)",2026-01-04 15:15:00
Manchester City,Chelsea,"(1, 1)",2026-01-04 17:30:00
West Ham United,Nottingham Forest,"(1, 2)",2026-01-06 20:00:00
AFC Bournemouth,Tottenham Hotspur,"(3, 2)",2026-01-07 19:30:00
Brentford,Sunderland,"(3, 0)",2026-01-07 19:30:00
Crystal Palace,Aston Villa,"(0, 0)",2026-01-07 19:30:00
Everton,Wolverhampton Wanderers,"(1, 1)",2026-01-07 19:30:00
Fulham,Chelsea,"(2, 1)",2026-01-07 19:30:00
Manchester City,Brighton & Hove Albion,"(1, 1)",2026-01-07 19:30:00
Burnley,Manchester United,"(2, 2)",2026-01-07 20:15:00
Newcastle United,Leeds United,"(4, 3)",2026-01-07 20:15:00
Arsenal,Liverpool,"(0, 0)",2026-01-08 20:00:00
Manchester United,Manchester City,"(2, 0)",2026-01-17 12:30:00
Chelsea,Brentford,"(2, 0)",2026-01-17 15:00:00
Leeds United,Fulham,"(1, 0)",2026-01-17 15:00:00
Liverpool,Burnley,"(1, 1)",2026-01-17 15:00:00
Sunderland,Crystal Palace,"(2, 1)",2026-01-17 15:00:00
Tottenham Hotspur,West Ham United,"(1, 2)",2026-01-17 15:00:00
Nottingham Forest,Arsenal,"(0, 0)",2026-01-17 17:30:00
Wolverhampton Wanderers,Newcastle United,"(0, 0)",2026-01-18 14:00:00
Aston Villa,Everton,"(0, 1)",2026-01-18 16:30:00
Brighton & Hove Albion,AFC Bournemouth,"(1, 1)",2026-01-19 20:00:00
West Ham United,Sunderland,"(3, 1)",2026-01-24 12:30:00
Burnley,Tottenham Hotspur,"(2, 2)",2026-01-24 15:00:00
Fulham,Brighton & Hove Albion,"(2, 1)",2026-01-24 15:00:00
Manchester City,Wolverhampton Wanderers,"(2, 0)",2026-01-24 15:00:00
AFC Bournemouth,Liverpool,"(3, 2)",2026-01-24 17:30:00
Brentford,Nottingham Forest,"(0, 2)",2026-01-25 14:00:00
Crystal Palace,Chelsea,"(1, 3)",2026-01-25 14:00:00
Newcastle United,Aston Villa,"(0, 2)",2026-01-25 14:00:00
Arsenal,Manchester United,"(2, 3)",2026-01-25 16:30:00
Everton,Leeds United,"(1, 1)",2026-01-26 20:00:00
Brighton & Hove Albion,Everton,"(1, 1)",2026-01-31 15:00:00
Leeds United,Arsenal,"(0, 4)",2026-01-31 15:00:00
Wolverhampton Wanderers,AFC Bournemouth,"(0, 2)",2026-01-31 15:00:00
Chelsea,West Ham United,"(3, 2)",2026-01-31 17:30:00
Liverpool,Newcastle United,"(4, 1)",2026-01-31 20:00:00
Aston Villa,Brentford,"(0, 1)",2026-02-01 14:00:00
Manchester United,Fulham,"(3, 2)",2026-02-01 14:00:00
Nottingham Forest,Crystal Palace,"(1, 1)",2026-02-01 14:00:00
Tottenham Hotspur,Manchester City,"(2, 2)",2026-02-01 16:30:00
Sunderland,Burnley,"(3, 0)",2026-02-02 20:00:00
Leeds United,Nottingham Forest,"(3, 1)",2026-02-06 20:00:00
Manchester United,Tottenham Hotspur,"(2, 0)",2026-02-07 12:30:00
AFC Bournemouth,Aston Villa,"(1, 1)",2026-02-07 15:00:00
Arsenal,Sunderland,"(3, 0)",2026-02-07 15:00:00
Burnley,West Ham United,"(0, 2)",2026-02-07 15:00:00
Fulham,Everton,"(1, 2)",2026-02-07 15:00:00
Wolverhampton Wanderers,Chelsea,"(1, 3)",2026-02-07 15:00:00
Newcastle United,Brentford,"(2, 3)",2026-02-07 17:30:00
Brighton & Hove Albion,Crystal Palace,"(0, 1)",2026-02-08 14:00:00
Liverpool,Manchester City,"(1, 2)",2026-02-08 16:30:00
Chelsea,Leeds United,"(2, 2)",2026-02-10 19:30:00
Everton,AFC Bournemouth,"(1, 2)",2026-02-10 19:30:00
Tottenham Hotspur,Newcastle United,"(1, 2)",2026-02-10 19:30:00
West Ham United,Manchester United,"(1, 1)",2026-02-10 20:15:00
Aston Villa,Brighton & Hove Albion,"(1, 0)",2026-02-11 19:30:00
Manchester City,Fulham,"(3, 0)",2026-02-11 19:30:00
Nottingham Forest,Wolverhampton Wanderers,"(0, 0)",2026-02-11 19:30:00
Crystal Palace,Burnley,"(2, 3)",2026-02-11 19:40:00
Sunderland,Liverpool,"(0, 1)",2026-02-11 20:15:00
Brentford,Arsenal,"(1, 1)",2026-02-12 20:00:00
Wolverhampton Wanderers,Arsenal,"(2, 2)",2026-02-18 20:00:00
Aston Villa,Leeds United,"(1, 1)",2026-02-21 15:00:00
Brentford,Brighton & Hove Albion,"(0, 2)",2026-02-21 15:00:00
Chelsea,Burnley,"(1, 1)",2026-02-21 15:00:00
West Ham United,AFC Bournemouth,"(0, 0)",2026-02-21 17:30:00
Manchester City,Newcastle United,"(2, 1)",2026-02-21 20:00:00
Crystal Palace,Wolverhampton Wanderers,"(1, 0)",2026-02-22 14:00:00
Nottingham Forest,Liverpool,"(0, 1)",2026-02-22 14:00:00
Sunderland,Fulham,"(1, 3)",2026-02-22 14:00:00
Tottenham Hotspur,Arsenal,"(1, 4)",2026-02-22 16:30:00
Everton,Manchester United,"(0, 1)",2026-02-23 20:00:00
Wolverhampton Wanderers,Aston Villa,"(2, 0)",2026-02-27 20:00:00
AFC Bournemouth,Sunderland,"(1, 1)",2026-02-28 12:30:00
Burnley,Brentford,"(3, 4)",2026-02-28 15:00:00
Liverpool,West Ham United,"(5, 2)",2026-02-28 15:00:00
Newcastle United,Everton,"(2, 3)",2026-02-28 15:00:00
Leeds United,Manchester City,"(0, 1)",2026-02-28 17:30:00
Brighton & Hove Albion,Nottingham Forest,"(2, 1)",2026-03-01 14:00:00
Fulham,Tottenham Hotspur,"(2, 1)",2026-03-01 14:00:00
Manchester United,Crystal Palace,"(2, 1)",2026-03-01 14:00:00
Arsenal,Chelsea,"(2, 1)",2026-03-01 16:30:00
AFC Bournemouth,Brentford,"(0, 0)",2026-03-03 19:30:00
Everton,Burnley,"(2, 0)",2026-03-03 19:30:00
Leeds United,Sunderland,"(0, 1)",2026-03-03 19:30:00
Wolverhampton Wanderers,Liverpool,"(2, 1)",2026-03-03 20:15:00
Aston Villa,Chelsea,"(1, 4)",2026-03-04 19:30:00
Brighton & Hove Albion,Arsenal,"(0, 1)",2026-03-04 19:30:00
Fulham,West Ham United,"(0, 1)",2026-03-04 19:30:00
Manchester City,Nottingham Forest,"(2, 2)",2026-03-04 19:30:00
Newcastle United,Manchester United,"(2, 1)",2026-03-04 20:15:00
Tottenham Hotspur,Crystal Palace,"(1, 3)",2026-03-05 20:00:00
Burnley,AFC Bournemouth,"(0, 0)",2026-03-14 15:00:00
Sunderland,Brighton & Hove Albion,"(0, 1)",2026-03-14 15:00:00
Arsenal,Everton,"(2, 0)",2026-03-14 17:30:00
Chelsea,Newcastle United,"(0, 1)",2026-03-14 17:30:00
West Ham United,Manchester City,"(1, 1)",2026-03-14 20:00:00
Crystal Palace,Leeds United,"(0, 0)",2026-03-15 14:00:00
Manchester United,Aston Villa,"(3, 1)",2026-03-15 14:00:00
Nottingham Forest,Fulham,"(0, 0)",2026-03-15 14:00:00
Liverpool,Tottenham Hotspur,"(1, 1)",2026-03-15 16:30:00
Brentford,Wolverhampton Wanderers,"(2, 2)",2026-03-16 20:00:00
AFC Bournemouth,Manchester United,"(2, 2)",2026-03-20 20:00:00
Brighton & Hove Albion,Liverpool,"(2, 1)",2026-03-21 12:45:00
Fulham,Burnley,"(3, 1)",2026-03-21 15:00:00
Everton,Chelsea,"(3, 0)",2026-03-21 17:30:00
Leeds United,Brentford,"(0, 0)",2026-03-21 20:00:00
Newcastle United,Sunderland,"(1, 2)",2026-03-22 12:00:00
Aston Villa,West Ham United,"(2, 0)",2026-03-22 14:15:00
Tottenham Hotspur,Nottingham Forest,"(0, 3)",2026-03-22 14:15:00
West Ham United,Wolverhampton Wanderers,"(4, 0)",2026-04-10 19:00:00
Arsenal,AFC Bournemouth,"(1, 2)",2026-04-11 11:30:00
Brentford,Everton,"(2, 2)",2026-04-11 14:00:00
Burnley,Brighton & Hove Albion,"(0, 2)",2026-04-11 14:00:00
Liverpool,Fulham,"(2, 0)",2026-04-11 16:30:00
Crystal Palace,Newcastle United,"(2, 1)",2026-04-12 13:00:00
Nottingham Forest,Aston Villa,"(1, 1)",2026-04-12 13:00:00
Sunderland,Tottenham Hotspur,"(1, 0)",2026-04-12 13:00:00
Chelsea,Manchester City,"(0, 3)",2026-04-12 15:30:00
Manchester United,Leeds United,"(1, 2)",2026-04-13 19:00:00
Brentford,Fulham,"(0, 0)",2026-04-18 11:30:00
Leeds United,Wolverhampton Wanderers,"(3, 0)",2026-04-18 14:00:00
Newcastle United,AFC Bournemouth,"(1, 2)",2026-04-18 14:00:00
Tottenham Hotspur,Brighton & Hove Albion,"(2, 2)",2026-04-18 16:30:00
Chelsea,Manchester United,"(0, 1)",2026-04-18 19:00:00
Aston Villa,Sunderland,"(4, 3)",2026-04-19 13:00:00
Everton,Liverpool,"(1, 2)",2026-04-19 13:00:00
Nottingham Forest,Burnley,"(4, 1)",2026-04-19 13:00:00
Manchester City,Arsenal,"(2, 1)",2026-04-19 15:30:00
Crystal Palace,West Ham United,"(0, 0)",2026-04-20 19:00:00
Brighton & Hove Albion,Chelsea,"(3, 0)",2026-04-21 19:00:00
AFC Bournemouth,Leeds United,"(2, 2)",2026-04-22 19:00:00
Burnley,Manchester City,"(0, 1)",2026-04-22 19:00:00
Sunderland,Nottingham Forest,"(0, 5)",2026-04-24 19:00:00
Fulham,Aston Villa,"(1, 0)",2026-04-25 11:30:00
Liverpool,Crystal Palace,"(3, 1)",2026-04-25 14:00:00
West Ham United,Everton,"(2, 1)",2026-04-25 14:00:00
Wolverhampton Wanderers,Tottenham Hotspur,"(0, 1)",2026-04-25 14:00:00
Arsenal,Newcastle United,"(1, 0)",2026-04-25 16:30:00
Manchester United,Brentford,"(2, 1)",2026-04-27 19:00:00
Leeds United,Burnley,"(3, 1)",2026-05-01 19:00:00
Brentford,West Ham United,"(3, 0)",2026-05-02 14:00:00
Newcastle United,Brighton & Hove Albion,"(3, 1)",2026-05-02 14:00:00
Wolverhampton Wanderers,Sunderland,"(1, 1)",2026-05-02 14:00:00
Arsenal,Fulham,"(3, 0)",2026-05-02 16:30:00
AFC Bournemouth,Crystal Palace,"(3, 0)",2026-05-03 13:00:00
Manchester United,Liverpool,"(3, 2)",2026-05-03 14:30:00
Aston Villa,Tottenham Hotspur,"(1, 2)",2026-05-03 18:00:00
Chelsea,Nottingham Forest,"(1, 3)",2026-05-04 14:00:00
Everton,Manchester City,"(3, 3)",2026-05-04 19:00:00
Liverpool,Chelsea,"(1, 1)",2026-05-09 11:30:00
Brighton & Hove Albion,Wolverhampton Wanderers,"(3, 0)",2026-05-09 14:00:00
Fulham,AFC Bournemouth,"(0, 1)",2026-05-09 14:00:00
Sunderland,Manchester United,"(0, 0)",2026-05-09 14:00:00
Manchester City,Brentford,"(3, 0)",2026-05-09 16:30:00
Burnley,Aston Villa,"(2, 2)",2026-05-10 13:00:00
Crystal Palace,Everton,"(2, 2)",2026-05-10 13:00:00
Nottingham Forest,Newcastle United,"(1, 1)",2026-05-10 13:00:00
West Ham United,Arsenal,"(0, 1)",2026-05-10 15:30:00
Tottenham Hotspur,Leeds United,"(1, 1)",2026-05-11 19:00:00
Manchester City,Crystal Palace,"(3, 0)",2026-05-13 19:00:00
Aston Villa,Liverpool,"(4, 2)",2026-05-15 19:00:00
Manchester United,Nottingham Forest,"(3, 2)",2026-05-17 11:30:00
Brentford,Crystal Palace,"(2, 2)",2026-05-17 14:00:00
Everton,Sunderland,"(1, 3)",2026-05-17 14:00:00
Leeds United,Brighton & Hove Albion,"(1, 0)",2026-05-17 14:00:00
Wolverhampton Wanderers,Fulham,"(1, 1)",2026-05-17 14:00:00
Newcastle United,West Ham United,"(3, 1)",2026-05-17 16:30:00
Arsenal,Burnley,"(1, 0)",2026-05-18 19:00:00
AFC Bournemouth,Manchester City,"(1, 1)",2026-05-19 18:30:00
Chelsea,Tottenham Hotspur,"(2, 1)",2026-05-19 19:15:00
Brighton & Hove Albion,Manchester United,"(0, 3)",2026-05-24 15:00:00
Burnley,Wolverhampton Wanderers,"(1, 1)",2026-05-24 15:00:00
Crystal Palace,Arsenal,"(1, 2)",2026-05-24 15:00:00
Fulham,Newcastle United,"(2, 0)",2026-05-24 15:00:00
Liverpool,Brentford,"(1, 1)",2026-05-24 15:00:00
Manchester City,Aston Villa,"(1, 2)",2026-05-24 15:00:00
Nottingham Forest,AFC Bournemouth,"(1, 1)",2026-05-24 15:00:00
Sunderland,Chelsea,"(2, 1)",2026-05-24 15:00:00
Tottenham Hotspur,Everton,"(1, 0)",2026-05-24 15:00:00
West Ham United,Leeds United,"(3, 0)",2026-05-24 15:00:00
